Sr. No.,Automation Name,Automation Description,,,,,,,,,,,,,,,,,,,,,,,
1,Resume Keyword Ranking Filter,Scans incoming applicant resumes to parse and rank candidate profiles based on target job description tags.,,,,,,,,,,,,,,,,,,,,,,,
2,Interview Scheduling Coordination,Connects candidate schedules with internal interviewer calendars to secure meeting links automatically.,,,,,,,,,,,,,,,,,,,,,,,
3,New Hire Provisioning Checksheet,"Notifies IT, facilities, and payroll managers to prepare credentials and hardware for an incoming employee.",,,,,,,,,,,,,,,,,,,,,,,
4,Employee Reference Verification Form,Dispatches automated background questionnaire portals to designated professional references.,,,,,,,,,,,,,,,,,,,,,,,
5,Annual Performance Feedback Aggregator,Consolidates multi-directional peer review feedback text into clean summaries for annual evaluations.,,,,,,,,,,,,,,,,,,,,,,,
6,Time-Off Ledger Accrual Calculator,Updates rolling employee paid-time-off (PTO) balances monthly based on tenure brackets and policy caps.,,,,,,,,,,,,,,,,,,,,,,,
7,Corporate Onboarding Module Reminder,Flags new hires who have not completed mandatory compliance or security modules within 14 days.,,,,,,,,,,,,,,,,,,,,,,,
8,Employee Exit Survey Analytics,Synthesizes qualitative feedback from outgoing employee exit forms into categorical retention reports.,,,,,,,,,,,,,,,,,,,,,,,
9,Internal Job Posting Dispatcher,Publishes verified corporate job openings to employee intranet boards before launching on external portals.,,,,,,,,,,,,,,,,,,,,,,,
10,Direct Deposit Detail Matcher,Cross-checks updated employee bank routing information with payroll system records to avoid processing errors.,,,,,,,,,,,,,,,,,,,,,,,
11,Workplace Conflict Incident Logger,"Documents confidential employee relation claims, assigning follow-up tickets to specific HR representatives.",,,,,,,,,,,,,,,,,,,,,,,
12,Compensation Benchmarking Aggregator,Compiles current regional market salary ranges for targeted job titles to ensure competitive internal offer caps.,,,,,,,,,,,,,,,,,,,,,,,
13,Employee Anniversary Recognition Trigger,Pushes milestone congratulatory notifications to corporate slack channels and issues tenure gift codes.,,,,,,,,,,,,,,,,,,,,,,,
14,Contractor SOW Expiration Watchdog,Scans Statement of Work templates to notify managers 30 days before freelance partner contracts lapse.,,,,,,,,,,,,,,,,,,,,,,,
15,Health Benefit Enrollment Pipeline,"Flags employee lifestyle status updates (e.g., marriage, birth) to initiate qualified benefit update portals.",,,,,,,,,,,,,,,,,,,,,,,
16,Sick Leave Pattern Deviation Detector,Flags instances where an individual employee's unplanned leave requests happen consistently around weekends.,,,,,,,,,,,,,,,,,,,,,,,
17,Remote Work Setup Reimbursement Tracker,Reviews furniture and home-office receipts submitted by remote staff against enterprise technology stipends.,,,,,,,,,,,,,,,,,,,,,,,
18,Dynamic Org Chart Sync Engine,Automatically rebuilds the interactive company reporting directory whenever HR profile lines shift.,,,,,,,,,,,,,,,,,,,,,,,
19,Skills Matrix Competency Inventory,Tracks individual staff professional certifications to maintain a searchable registry for project resource managers.,,,,,,,,,,,,,,,,,,,,,,,
20,Promotion Document Batch Packaging,Generates updated employment agreement annexes and salary adjustment paperwork following internal elevations.,,,,,,,,,,,,,,,,,,,,,,,
21,NDA Clause Variation Scanner,Evaluates incoming vendor Non-Disclosure Agreements against enterprise standards to flag risky indemnity language.,,,,,,,,,,,,,,,,,,,,,,,
22,Board Meeting Resolution Builder,"Populates corporate minutes, executive vote tallies, and action items into regulatory compliance layouts.",,,,,,,,,,,,,,,,,,,,,,,
23,Trademark Renewal Deadline Watchdog,Monitors global intellectual property registry portfolios to calculate structural renewal timelines.,,,,,,,,,,,,,,,,,,,,,,,
24,Foreign Subsidiary Registration Auditing,Validates current corporate licensing filings across international branches to ensure local statutory compliance.,,,,,,,,,,,,,,,,,,,,,,,
25,Litigation Hold Document Secure Archiver,Programmatically locks email deletion capabilities for specific custodians upon formal legal dispute alerts.,,,,,,,,,,,,,,,,,,,,,,,
26,Master Services Agreement (MSA) Formatter,"Compiles client tier selections, pricing metrics, and liability caps into standard enterprise contract drafts.",,,,,,,,,,,,,,,,,,,,,,,
27,Authorized Corporate Signatory Check,Validates execution signatures on high-ticket corporate agreements against the official active power-of-attorney registry.,,,,,,,,,,,,,,,,,,,,,,,
28,Data Privacy Right-to-Forget Executer,Purges personal data identifiers across distributed corporate marketing databases following formal user GDPR requests.,,,,,,,,,,,,,,,,,,,,,,,
29,Anti-Bribery Third-Party Due Diligence,Runs compliance checks on prospective international distributors against global anti-corruption registries.,,,,,,,,,,,,,,,,,,,,,,,
30,Regulatory Policy Update Disseminator,Publishes newly updated corporate compliance policies and requires digital employee signature responses.,,,,,,,,,,,,,,,,,,,,,,,
31,Inbound Lead Routing Allocation Matrix,Distributes incoming web query profiles to field sales executives based on target territory and product specializations.,,,,,,,,,,,,,,,,,,,,,,,
32,CRM Pipeline Inactivity Alarm,Flags active pipeline deals that have seen zero seller interaction logs or status updates over the trailing 14 days.,,,,,,,,,,,,,,,,,,,,,,,
33,Sales Commission Multi-Tier Calculator,Tracks closed-won revenue values against complex multi-tier quota structures to generate monthly rep payouts.,,,,,,,,,,,,,,,,,,,,,,,
34,B2B RFP Requirement Checklist Extractor,Parses large customer Request for Proposal PDFs to isolate explicit technical deadline requirements.,,,,,,,,,,,,,,,,,,,,,,,
35,Competitor Price Monitoring Pipeline,Scraping visible price arrays from competitor web storefronts to flag strategic positioning variations.,,,,,,,,,,,,,,,,,,,,,,,
36,Customer Churn Predictive Intent Scanner,Monitored digital engagement drop-offs or down-tier clicks within software portals to flag risk accounts.,,,,,,,,,,,,,,,,,,,,,,,
37,Account Hand-off Data Packager,"Bundles historical engagement records, contract tiers, and open support items when moving a client from Sales to CSM.",,,,,,,,,,,,,,,,,,,,,,,
38,Sales Pitch Presentation Customizer,"Injects specific target client logos, industry statistics, and localized case reviews into master slide templates.",,,,,,,,,,,,,,,,,,,,,,,
39,Strategic Discount Threshold Enforcer,Automatically blocks sales representatives from issuing software discount line items exceeding pre-approved boundaries.,,,,,,,,,,,,,,,,,,,,,,,
40,Win/Loss Opportunity Reason Aggregator,Synthesizes deal close-out summary entries into quarterly analysis maps for product optimization reviews.,,,,,,,,,,,,,,,,,,,,,,,
41,Multi-Platform Social Post Scheduler,Publishes coordinated marketing media payloads across independent corporate social network channels.,,,,,,,,,,,,,,,,,,,,,,,
42,Brand Guideline Asset Compliance Checker,Scans marketing design uploads to verify adherence to brand color hex codes and font geometry.,,,,,,,,,,,,,,,,,,,,,,,
43,Marketing Email Campaign Segmentation Tool,Pools user lists based on rolling digital interaction depth parameters to optimize target email click responses.,,,,,,,,,,,,,,,,,,,,,,,
44,Ad Campaign Budget Cap Watchdog,Monitors live digital media ad network spend to pause campaigns the moment resource caps are breached.,,,,,,,,,,,,,,,,,,,,,,,
45,Press Release Distribution Pipeline,Dispatches approved executive announcement text files directly to external wire services and media lists.,,,,,,,,,,,,,,,,,,,,,,,
46,Customer Testimonial Formatting Tracker,Captures high-rating user survey responses to generate pre-formatted quote templates for marketing approval.,,,,,,,,,,,,,,,,,,,,,,,
47,SEO Keyword Position Shift Monitor,Tracks search index placement variations weekly for primary corporate target landing terms.,,,,,,,,,,,,,,,,,,,,,,,
48,Influencer Campaign ROI Matrix Tracker,Compiles dynamic custom landing code data to calculate performance returns against influencer partnership outlays.,,,,,,,,,,,,,,,,,,,,,,,
49,Event Attendee Badge Data Exporter,Compiles verified registrations from ticketing systems into printable layout matrix profiles for on-site execution.,,,,,,,,,,,,,,,,,,,,,,,
50,Corporate Newsletter Content Synthesizer,Gathers published internal case logs and executive blogs to assemble a monthly subscriber recap file.,,,,,,,,,,,,,,,,,,,,,,,
51,Customer Ticket Sentiment Sorting Matrix,Evaluates incoming written help queries to route angry or urgent messages directly to escalations.,,,,,,,,,,,,,,,,,,,,,,,
52,Support SLA Breach Countdown Alarm,Displays ticking countdown flags for open engineering support requests approaching contractual deadlines.,,,,,,,,,,,,,,,,,,,,,,,
53,Customer FAQ Article Recommendation Engine,Analyzes user submission text to suggest relevant troubleshooting links before completing ticket creations.,,,,,,,,,,,,,,,,,,,,,,,
54,Multi-Language Support Chat Interpreter,Translates foreign live-chat customer prompts into agent base languages in real time during active sessions.,,,,,,,,,,,,,,,,,,,,,,,
55,Post-Resolution Satisfaction Survey Dispatch,Initiates automated CSAT or NPS feedback emails immediately following the formal closing of a support ticket.,,,,,,,,,,,,,,,,,,,,,,,
56,Customer Tier Validation Router,Automatically prioritizes support queues by matching user metadata directly to high-value enterprise accounts.,,,,,,,,,,,,,,,,,,,,,,,
57,Recurring Account Review Document Assembler,"Pulls trailing usage metrics, system uptimes, and unresolved tickets into an annual customer success report.",,,,,,,,,,,,,,,,,,,,,,,
58,Macro Answer Template Personalizer,Injects specific client names and contextual account data fields into canned customer technical replies.,,,,,,,,,,,,,,,,,,,,,,,
59,Customer Account Renewal Offer Dispatcher,Delivers standardized multi-year subscription extension terms to account profiles 90 days ahead of expiration.,,,,,,,,,,,,,,,,,,,,,,,
60,Support Agent Ticket Capacity Balancer,Monitors real-time active conversation volumes per staff member to pause incoming lines when caps are hit.,,,,,,,,,,,,,,,,,,,,,,,
61,Enterprise Password Reset Verification Conduit,Authenticates identity details via multi-factor authentication networks to clear self-service password resets.,,,,,,,,,,,,,,,,,,,,,,,
62,Inactive Network Credential Purger,Flags and deactivates employee software and network profile accesses after 90 days of absolute zero logins.,,,,,,,,,,,,,,,,,,,,,,,
63,IT Asset Hardware Inventory Registry,"Monitors software agents to log corporate laptop models, serialize fields, and maintain assigned user maps.",,,,,,,,,,,,,,,,,,,,,,,
64,Suspicious Endpoint Login Alert,Generates system security tickets if an active employee credential logs in from atypical geographic networks.,,,,,,,,,,,,,,,,,,,,,,,
65,Mandatory Software Patch Compliance Monitor,Audits enterprise workstation updates to force system reboots on endpoints missing critical security fixes.,,,,,,,,,,,,,,,,,,,,,,,
66,Cloud Infrastructure Resource Scale Controller,Scales up virtual server environments during traffic spikes and down-sizes setups during low-demand hours.,,,,,,,,,,,,,,,,,,,,,,,
67,Phishing Email Simulation Campaign Tracker,Delivers controlled test phishing payloads to staff profiles to log tracking clicks and safety training needs.,,,,,,,,,,,,,,,,,,,,,,,
68,Data Backup Verification Chain Checker,Confirms successful execution of daily secure off-site corporate server snapshot storage sequences.,,,,,,,,,,,,,,,,,,,,,,,
69,Software License Allocation Optimization Engine,Identifies paid application accounts that remain unutilized for consecutive months to reassign or cancel seats.,,,,,,,,,,,,,,,,,,,,,,,
70,SSL Certificate Expiration Watchdog,Tracks secure socket layer configuration keys across corporate domains to schedule updates before lockouts.,,,,,,,,,,,,,,,,,,,,,,,
71,Office Badge Access Log Auditor,Compiles weekly footprint volume summaries across facilities to map space utility metrics.,,,,,,,,,,,,,,,,,,,,,,,
72,Meeting Room Double-Booking Resolution Engine,Automatically clears conference room reservations if calendar logs show zero meeting check-ins after 15 minutes.,,,,,,,,,,,,,,,,,,,,,,,
73,Office Supply Automated Reorder Trigger,Monitors baseline item counts in stock cabinets to generate standard purchase orders when inventory targets drop.,,,,,,,,,,,,,,,,,,,,,,,
74,Commercial Facility Preventive Maintenance Scheduler,"Maps operational lifetimes for HVAC, fire safety, and lift machinery to assign maintenance work orders.",,,,,,,,,,,,,,,,,,,,,,,
75,Vendor Delivery SLA Discrepancy Logger,Compiles shipping dock receipt timelines against purchase contract promises to flag fulfillment delays.,,,,,,,,,,,,,,,,,,,,,,,
76,Visitor NDA Digital Sign-In Conduit,"Manages secure guest entry processing, automatically requesting non-disclosure sign-offs via lobby kiosks.",,,,,,,,,,,,,,,,,,,,,,,
77,Corporate Fleet Vehicle Fuel Log Auditor,Cross-checks monthly fuel credit card transaction entries against vehicle odometer records to flag anomalies.,,,,,,,,,,,,,,,,,,,,,,,
78,Ergonometric Office Asset Request Allocation,Routes special physical furniture accommodation requests directly from HR medical clearances to facilities.,,,,,,,,,,,,,,,,,,,,,,,
79,Warehouse Stock Allocation Balancer,Reallocates inventory assets across regional distribution centers based on shifting purchase trend lines.,,,,,,,,,,,,,,,,,,,,,,,
80,Electronic Recycling Asset Disposal Tracker,Compiles destruction certificates and material safety logs for decommissioned hardware drop-offs.,,,,,,,,,,,,,,,,,,,,,,,
81,Cross-Functional Dependency Delinquency Flag,Scans project timelines to flag upstream task delays that threaten downstream department deliverables.,,,,,,,,,,,,,,,,,,,,,,,
82,Weekly Team Status Report Aggregator,Pulls individual bullet inputs from team software accounts to compile an automated executive summary.,,,,,,,,,,,,,,,,,,,,,,,
83,Project Resource Allocation Overload Monitor,Flags engineering or creative profiles assigned to overlapping initiatives exceeding standard weekly capacities.,,,,,,,,,,,,,,,,,,,,,,,
84,Action Item Extractor for Meeting Transcripts,Processes recorded webinar text to pull explicitly stated deadlines and task assignments into tracking boards.,,,,,,,,,,,,,,,,,,,,,,,
85,Project Budget Milestone Alert Matrix,"Pings project directors the moment actual operational asset spend crosses 50%, 75%, and 90% of budget caps.",,,,,,,,,,,,,,,,,,,,,,,
86,Retrospective Survey Compilation System,Dispatches team feedback inquiries immediately following major product or initiative launch days.,,,,,,,,,,,,,,,,,,,,,,,
87,Client Deliverable Sign-Off Archive Portal,Secures digital confirmation links from corporate buyers to move project statuses out of review to active billing.,,,,,,,,,,,,,,,,,,,,,,,
88,Standard Operating Procedure (SOP) Dead-Link Finder,Scans internal corporate wiki libraries to flag broken references or outdated template links.,,,,,,,,,,,,,,,,,,,,,,,
89,Cross-Departmental Workshop Sign-Up Tool,Manages registration limits and attendance sheets for optional internal continuous improvement training.,,,,,,,,,,,,,,,,,,,,,,,
90,OKR Progress Metric Dashboard Sync,Pulls live analytical key results from engineering databases to update corporate strategy tracking boards.,,,,,,,,,,,,,,,,,,,,,,,
91,Remote Work Compliance Geo-Tracker,Audits employee tax-jurisdiction fields to verify payroll safety metrics for remote staff switching states.,,,,,,,,,,,,,,,,,,,,,,,
92,Candidate Offer Generation Pipeline,Populates approved salary arrays and title variables into secure legal offer signature files.,,,,,,,,,,,,,,,,,,,,,,,
93,Freelancer Invoicing Validation Engine,Matches submitted freelance hours against approved project task limits before releasing files to AP.,,,,,,,,,,,,,,,,,,,,,,,
94,Corporate Travel Booking Flight Searcher,Filters enterprise agency travel choices to book lowest-fare transit paths matching policy parameters.,,,,,,,,,,,,,,,,,,,,,,,
95,Workplace Ergonomics Evaluation Form Tracker,Manages self-assessment questionnaires for office staff to route specialized support needs.,,,,,,,,,,,,,,,,,,,,,,,
96,Employee Relocation Logistics Coordinator,"Connects moving vendors, housing assistance, and internal stipends for international worker assignments.",,,,,,,,,,,,,,,,,,,,,,,
97,Shift Rotation Assignment Balancing Matrix,Distributes physical coverage windows across available retail or warehouse staff to prevent burnout.,,,,,,,,,,,,,,,,,,,,,,,
98,Employee Referral Reward Payout Matcher,Confirms candidate retention milestones are met before triggering referral bonus lines to referring staff.,,,,,,,,,,,,,,,,,,,,,,,
99,Executive Assistant Scheduling Priority Filter,Reviews incoming executive meeting requests to protect priority blocks based on project stakes.,,,,,,,,,,,,,,,,,,,,,,,
100,HR Benefits Plan Renewal Opt-Out Processor,Automates coverage terminations or default carry-overs during annual enrollment windows.,,,,,,,,,,,,,,,,,,,,,,,
101,Sales Qualified Lead (SQL) Progression Notice,Pings account managers when marketing interaction logs cross priority score thresholds.,,,,,,,,,,,,,,,,,,,,,,,
102,CRM Contact Bounce-Rate Deletion Routine,Purges broken or bouncing email fields from master client tracking records to maintain system performance.,,,,,,,,,,,,,,,,,,,,,,,
103,B2B E-Commerce Cart Abandonment Trigger,Sends recovery offers or feature definitions to corporate buyers leaving checkout pipelines mid-session.,,,,,,,,,,,,,,,,,,,,,,,
104,Client Renewal Negotiation Playbook Surfer,Recommends relevant upsell options to account managers based on historical buyer tier values.,,,,,,,,,,,,,,,,,,,,,,,
105,Dynamic Pricing Catalog Distribution Engine,Syncs price modification schedules across digital channels and corporate distributor portals.,,,,,,,,,,,,,,,,,,,,,,,
106,Sales Demo Environment Data Reset Routine,Programmatically purges testing database items nightly to keep demo applications fresh for prospect calls.,,,,,,,,,,,,,,,,,,,,,,,
107,Regional Sales Tax Registration Evaluator,Reviews geographic invoice concentrations to register compliance footprints before tax exposures spike.,,,,,,,,,,,,,,,,,,,,,,,
108,Customer Account Provisioning Webhook,Sets up client workspace instances the moment a contract passes through CRM signature checks.,,,,,,,,,,,,,,,,,,,,,,,
109,Customer Onboarding Progress Survey Scheduler,"Delivers strategic milestone check-ins at 30, 60, and 90 days following user activation.",,,,,,,,,,,,,,,,,,,,,,,
110,Enterprise Account Health Scoring Engine,Combines customer product use spikes and support logs into a single relationship metric.,,,,,,,,,,,,,,,,,,,,,,,
111,Technical Document Structural Alignment Checker,Scans product user manual files to verify format consistency with corporate publications.,,,,,,,,,,,,,,,,,,,,,,,
112,Legal Contract Deviation Explainer,Compiles comparison summaries highlighting specific custom edits inserted by customer legal teams.,,,,,,,,,,,,,,,,,,,,,,,
113,Enterprise Risk Registry Matrix Updater,Adjusts mitigation task tracking states based on rolling operational and security audit inputs.,,,,,,,,,,,,,,,,,,,,,,,
114,Corporate Entity Annual Filing Manager,Populates mandatory statutory annual declarations for auxiliary holding companies.,,,,,,,,,,,,,,,,,,,,,,,
115,Intellectual Property Infringement Tracker,Flags unauthorized matches of corporate product names or imagery across web storefront networks.,,,,,,,,,,,,,,,,,,,,,,,
116,Board Document Distribution Portal Builder,Packages sensitive financial presentations into watermarked read-only containers for board access.,,,,,,,,,,,,,,,,,,,,,,,
117,Whistleblower Investigation Step Tracker,Logs milestones and compliance updates for legal investigations into internal misconduct reports.,,,,,,,,,,,,,,,,,,,,,,,
118,Conflict of Interest Registry Collector,Manages annual compliance questionnaire distributions requiring disclosures from executive profiles.,,,,,,,,,,,,,,,,,,,,,,,
119,Statutory Legal Notice Response Router,"Sorts incoming court summons, liens, or legal notices to distribute them to specialized corporate counsel.",,,,,,,,,,,,,,,,,,,,,,,
120,Corporate Restructuring Share Exchange Engine,Runs equity conversion metrics during structural holding company updates or splits.,,,,,,,,,,,,,,,,,,,,,,,
121,Digital Ad Network Discrepancy Auditor,Compiles click invoices from ad networks to cross-check values against internal telemetry tools.,,,,,,,,,,,,,,,,,,,,,,,
122,Press Mention Sentiment Aggregator,Scores media articles mentioning the brand name to generate daily summaries for PR teams.,,,,,,,,,,,,,,,,,,,,,,,
123,Co-Marketing MDF Fund Balance Reconciler,Tracks marketing development funds used in partner campaigns against approved project boundaries.,,,,,,,,,,,,,,,,,,,,,,,
124,Brand Logo Asset Multi-Format Generator,"Converts master vector branding design uploads into optimized, responsive file arrays for developer use.",,,,,,,,,,,,,,,,,,,,,,,
125,User Research Incentive Distribution Tool,Issues digital gift rewards to verified customers completing formal feedback research cycles.,,,,,,,,,,,,,,,,,,,,,,,
126,Customer Advisory Board Communication Hub,"Coordinates agenda updates, scheduling options, and note logs for key advisor panel updates.",,,,,,,,,,,,,,,,,,,,,,,
127,Competitor Feature Addition Alert Matrix,Monitored public software changelogs of competitor platforms to alert internal product managers.,,,,,,,,,,,,,,,,,,,,,,,
128,Event Exhibit Booth Asset Asset Logistics Tracker,Monitors shipping schedules and delivery updates for trade show booth configurations.,,,,,,,,,,,,,,,,,,,,,,,
129,Public Webinar Recording Transcriber,Converts digital event audio recordings into indexable text summaries for resource portals.,,,,,,,,,,,,,,,,,,,,,,,
130,Content Localization Translation Dispatcher,Passes core marketing copy text to external translation networks to build local variation files.,,,,,,,,,,,,,,,,,,,,,,,
131,Customer Support Chat Escalation Token Trigger,Hands over customer bot conversations to live representatives when user phrasing hints at extreme frustration.,,,,,,,,,,,,,,,,,,,,,,,
132,Tier-1 Technical Ticket Diagnostic Packager,Compiles baseline browser info and system logs when a user reports a bug to aid development review.,,,,,,,,,,,,,,,,,,,,,,,
133,Knowledge Base Article Expiry Scanner,Flags help documentation lines that haven't been reviewed for accuracy over a trailing 12-month window.,,,,,,,,,,,,,,,,,,,,,,,
134,Customer Community Forum Content Moderation Flag,Isolate forum posts containing blacklisted terms or external links for staff review.,,,,,,,,,,,,,,,,,,,,,,,
135,Customer SLA Performance Rebate Calculator,Measures platform downtime history to identify corporate buyers eligible for service credit rewards.,,,,,,,,,,,,,,,,,,,,,,,
136,Account Executive Reassignment Notification Engine,Informs users of account team additions or changes following internal account shuffles.,,,,,,,,,,,,,,,,,,,,,,,
137,Customer Bug Workaround Update Dispatcher,Emails users tracking an engineering bug the moment a temporary fix or stable workaround is published.,,,,,,,,,,,,,,,,,,,,,,,
138,High-Volume User Feature Activation Trigger,Identifies accounts exceeding core product performance boundaries to suggest advanced tier add-ons.,,,,,,,,,,,,,,,,,,,,,,,
139,Enterprise Customer Executive Sponsor Matcher,Pairs newly signed high-value accounts with matching internal corporate leaders to anchor relationships.,,,,,,,,,,,,,,,,,,,,,,,
140,Support Center Phone Queue Drop-Off Analyst,Aggregates daily abandon rates across telecom channels to isolate peak caller capacity constraints.,,,,,,,,,,,,,,,,,,,,,,,
141,Employee Network Account Multi-Factor Audit,Identifies corporate credentials that have bypassed or disabled compulsory secondary verification setups.,,,,,,,,,,,,,,,,,,,,,,,
142,Rogue Software Application Network Discovery,Scans enterprise network registries to flag unauthorized third-party apps running on endpoints.,,,,,,,,,,,,,,,,,,,,,,,
143,IT Helpdesk Ticket Category Predictor,Matches incoming support text to correct software categories to automate assignment queues.,,,,,,,,,,,,,,,,,,,,,,,
144,Corporate Laptop Refresh Cycle Identifier,Compiles lease end-dates for distributed workstations to schedule hardware updates with users.,,,,,,,,,,,,,,,,,,,,,,,
145,Server Room Temperature Anomaly Alert,Pings infrastructure contacts if hardware rack environmental sensors register shifts above safety limits.,,,,,,,,,,,,,,,,,,,,,,,
146,Database Query Index Optimization Scanner,Isolate slow-running data processes to suggest indexing enhancements for database administration teams.,,,,,,,,,,,,,,,,,,,,,,,
147,Emergency Office Network Failover Monitor,Alerts network operations teams when main business lines drop and secondary backup circuits take over.,,,,,,,,,,,,,,,,,,,,,,,
148,Corporate Email Phishing Inbox Filter,Passes suspicious emails reported by users through safety sandboxes to check for hidden links.,,,,,,,,,,,,,,,,,,,,,,,
149,Secure Code Repository Access Reviewer,Audits developer repository permissions quarterly to revoke access keys for departed contractors.,,,,,,,,,,,,,,,,,,,,,,,
150,IT Peripheral Storage Level Automated Reorder,"Monitors locker inventory for common items like adapters, keyboards, and mice to initiate stock updates.",,,,,,,,,,,,,,,,,,,,,,,
151,Office HVAC Operational Schedule Aligner,Syncs building environmental controls with corporate calendar room reservations to save power.,,,,,,,,,,,,,,,,,,,,,,,
152,Facilities Janitorial Service Dispatch Matrix,Generates custom cleanup sheets based on facility usage logs and specific high-traffic event bookings.,,,,,,,,,,,,,,,,,,,,,,,
153,Commercial Property Lease Escalation Engine,Recalculates facility rental outlays based on Consumer Price Index terms in triple-net property contracts.,,,,,,,,,,,,,,,,,,,,,,,
154,Parking Lot Access Pass Allocation Engine,Assigns parking space access to employee badges based on seniority and hybrid work patterns.,,,,,,,,,,,,,,,,,,,,,,,
155,Disaster Prep Safety Roster Builder,Assembles real-time employee office check-in registries to assist safety captains during building evacuations.,,,,,,,,,,,,,,,,,,,,,,,
156,Cafeteria Inventory Wastage Trend Log,Tracks food prep discard metrics across locations to adjust vendor menu orders and reduce waste.,,,,,,,,,,,,,,,,,,,,,,,
157,Office Ergonomic Hardware Asset Procurement Router,Directs approved special equipment items from safety reviews straight to purchasing queues.,,,,,,,,,,,,,,,,,,,,,,,
158,Facility Key Card Access Violation Flag,Isolates instances where unauthorized employee profiles attempt access to restricted research rooms.,,,,,,,,,,,,,,,,,,,,,,,
159,Executive Boardroom AV Readiness Routine,Runs remote automated checks on audio-visual systems ahead of high-priority leadership sessions.,,,,,,,,,,,,,,,,,,,,,,,
160,Corporate Mailroom Parcel Scanning Intake Pipeline,Parses courier package labels to push automated package pickup updates to internal recipient profiles.,,,,,,,,,,,,,,,,,,,,,,,
161,Project Milestone Delay Dependency Forecaster,Updates downstream timeline risks across teams when a critical component misses target dates.,,,,,,,,,,,,,,,,,,,,,,,
162,Multi-Department Project Resource Balancing Hub,Allocates engineering and creative hours across internal initiatives to resolve resource crunches.,,,,,,,,,,,,,,,,,,,,,,,
163,Task Management Board Dead-Link Scanner,Flags reference links or broken document anchors inside active team project tickets.,,,,,,,,,,,,,,,,,,,,,,,
164,Project Retrospective Action Item Tracker,Moves consensus process improvements from project reviews into upcoming sprint target sheets.,,,,,,,,,,,,,,,,,,,,,,,
165,External Contractor Deliverable Review Router,Delivers completed developer files directly to internal QA leads for verification before contract close out.,,,,,,,,,,,,,,,,,,,,,,,
166,Product Launch Readiness Checklist Watchdog,"Tracks confirmation sign-offs across product, sales, marketing, and legal teams before go-live dates.",,,,,,,,,,,,,,,,,,,,,,,
167,Executive Presentation Visual Layout Aligner,"Adjusts formatting, spacing, and sizing across presentation drafts to match corporate styles.",,,,,,,,,,,,,,,,,,,,,,,
168,Cross-Team Sprint Retrospective Form Aggregator,Consolidates velocity and friction inputs across product groups into a single leadership dashboard.,,,,,,,,,,,,,,,,,,,,,,,
169,Agile Story Point Estimate Inconsistency Flag,Isolate development tasks where team complexity estimates vary widely to prompt sync sessions.,,,,,,,,,,,,,,,,,,,,,,,
170,Corporate Portfolio Resource Allocation Index,Maps overall dollar investments against active initiatives to track strategy alignment across groups.,,,,,,,,,,,,,,,,,,,,,,,
171,Employee Wellness Stipend Receipt Verifier,Validates gym or health membership receipts submitted by staff against annual benefit limits.,,,,,,,,,,,,,,,,,,,,,,,
172,Candidate Sourcing Pipeline Velocity Tracker,Measures time-in-stage averages across recruitment channels to isolate hiring bottlenecks.,,,,,,,,,,,,,,,,,,,,,,,
173,Contractor Compliance Document Renewal Automator,Emails independent partners asking for updated proof of tax or liability files ahead of expirations.,,,,,,,,,,,,,,,,,,,,,,,
174,Internal Training Course Quiz Evaluator,Scores onboarding compliance quizzes and updates employee HR profiles with completion marks.,,,,,,,,,,,,,,,,,,,,,,,
175,Employee Engagement Pulse Survey Scheduler,"Delivers brief, anonymous workplace morale inquiries to team profiles on a bi-weekly cycle.",,,,,,,,,,,,,,,,,,,,,,,
176,Relocation Expense Taxation Adjustment Engine,Tracks moving stipends to calculate appropriate gross-up values for payroll tax processing.,,,,,,,,,,,,,,,,,,,,,,,
177,Background Screening API Result Processing,Parses incoming background review agency outputs to flag item variations for recruitment reviews.,,,,,,,,,,,,,,,,,,,,,,,
178,HR Helpdesk Automated Response Matrix,Matches common employee policy inquiries to standard handbook references to clear queues.,,,,,,,,,,,,,,,,,,,,,,,
179,Equity Incentive Plan Exercise Processor,Validates option exercises against vesting histories to initiate stock updates with corporate transfer agents.,,,,,,,,,,,,,,,,,,,,,,,
180,Management Leadership Development Track Monitor,Tracks completion steps for internal candidates completing multi-tier managerial training tracks.,,,,,,,,,,,,,,,,,,,,,,,
181,Sales Contract Custom Term Escalation Route,Isolate non-standard payment or liability terms in incoming customer drafts to ping finance leads.,,,,,,,,,,,,,,,,,,,,,,,
182,CRM Inactive Contact Scrubbing Protocol,Identifies sales prospects with un-updated records over extended windows to route to clean-up queues.,,,,,,,,,,,,,,,,,,,,,,,
183,Competitor Product Promotion Alert Engine,Monitors competitor marketing channels to flag time-sensitive pricing or feature moves.,,,,,,,,,,,,,,,,,,,,,,,
184,Sales Team Quota Attainment Leaderboard Sync,Updates regional sales performance visibility dashboards based on validated contract closings.,,,,,,,,,,,,,,,,,,,,,,,
185,Customer Value Case Study Data Aggregator,Compiles operational ROI data for reference accounts to feed marketing collateral creation.,,,,,,,,,,,,,,,,,,,,,,,
186,Strategic Partner Account Mapping Matrix,Cross-references partner accounts to discover overlapping relationships and sales opportunities.,,,,,,,,,,,,,,,,,,,,,,,
187,Technical Sales Architecture Review Routing,Delivers complex enterprise technical requirements to pre-sales engineering teams for proposal building.,,,,,,,,,,,,,,,,,,,,,,,
188,Outbound Sales Sequence Performance Monitor,Tracks conversion variations across cold outreach variations to scale top-performing sequences.,,,,,,,,,,,,,,,,,,,,,,,
189,B2B E-Commerce Customer Account Approval Hub,Verifies commercial business credentials before opening corporate purchasing access in portals.,,,,,,,,,,,,,,,,,,,,,,,
190,Customer Account Manager Transition Packet Generator,"Gathers account telemetry, past tickets, and relationship notes when reassigning client accounts.",,,,,,,,,,,,,,,,,,,,,,,
191,Regulatory Compliance Horizon Tracking Engine,Scans industry filing changes to update corporate risk teams on upcoming disclosure rule shifts.,,,,,,,,,,,,,,,,,,,,,,,
192,Legal Department Outside Counsel Spend Auditor,Compiles billable hours from external law firms to check values against project budget boundaries.,,,,,,,,,,,,,,,,,,,,,,,
193,Entity Lifecycle Governance Compliance Screener,Verifies active corporate registry statuses across subsidiary structures to prevent administrative lapses.,,,,,,,,,,,,,,,,,,,,,,,
194,Mutual NDA Template Generation System,Injects custom client metadata into standard legal templates to build ready-to-sign agreements.,,,,,,,,,,,,,,,,,,,,,,,
195,Strategic Alliance Agreement Milestone Tracker,Monitors performance obligations in joint-venture contracts to flag delivery timelines.,,,,,,,,,,,,,,,,,,,,,,,
196,Regulatory Audit Document Request Packager,Collects system transaction records and process histories required by external agency inspectors.,,,,,,,,,,,,,,,,,,,,,,,
197,Corporate Policy Translation Validation Evaluator,Compiles international versions of compliance handbooks to check layout matches with master layouts.,,,,,,,,,,,,,,,,,,,,,,,
198,Executive Equity Vesting Notice Generator,Builds transaction summaries for corporate officers hitting stock plan completion points.,,,,,,,,,,,,,,,,,,,,,,,
199,Legal Case Management Action Item Calendar,Syncs litigation filing timelines and deposition dates directly to corporate counsel work lists.,,,,,,,,,,,,,,,,,,,,,,,
200,Anti-Money Laundering Counterparty Screening Pipeline,Checks high-ticket B2B customers against global compliance lists during onboarding steps.,,,,,,,,,,,,,,,,,,,,,,,
201,Digital Ad Network Impression Discrepancy Flag,Identifies delivery variations between ad network dashboards and internal analytics tracking.,,,,,,,,,,,,,,,,,,,,,,,
202,Public Relations Crisis Scenario Router,Categorizes urgent social brand mentions to route items to designated corporate response leads.,,,,,,,,,,,,,,,,,,,,,,,
203,Brand Color Asset Contrast Verification Screener,Scans digital media layouts to verify visual accessibility matches across publication formats.,,,,,,,,,,,,,,,,,,,,,,,
204,Marketing Content Lifecycle Expiry Reminder,Flags outdated landing pages or old product references across digital domains for review or deletion.,,,,,,,,,,,,,,,,,,,,,,,
205,Event Sponsor Resource Fulfillment Matrix,Tracks exhibit asset deliveries against sponsor contract tiers to ensure accurate placement.,,,,,,,,,,,,,,,,,,,,,,,
206,Marketing attribution Data Sync Tool,Allocates pipeline source tracking values across CRM records based on touchpoint conversion histories.,,,,,,,,,,,,,,,,,,,,,,,
207,Product Feature Video Caption Synchronization Engine,Aligns text descriptions with software demo video tracks for documentation portals.,,,,,,,,,,,,,,,,,,,,,,,
208,Customer User Group Survey Feedback Aggregator,Summarizes priority feature requests from target user focus cohorts for product teams.,,,,,,,,,,,,,,,,,,,,,,,
209,Marketing Asset Localization Project Submitter,Packages master copywriting strings for simultaneous deployment to translation partners.,,,,,,,,,,,,,,,,,,,,,,,
210,Local Event Permit Compliance Matrix Watchdog,Tracks regional safety and zoning filings required for corporate field marketing operations.,,,,,,,,,,,,,,,,,,,,,,,
211,Customer Support Ticket Churn Correlation Engine,Flags support queues where complex or delayed technical tickets match high-risk churn indicators.,,,,,,,,,,,,,,,,,,,,,,,
212,Technical Tier-2 Support Escalation Matrix,Delivers complicated customer software error patterns directly to specialized systems engineering groups.,,,,,,,,,,,,,,,,,,,,,,,
213,Customer Self-Service Portal Telemetry Tracker,Analyzes user navigation paths across support documentation to discover unhelpful search paths.,,,,,,,,,,,,,,,,,,,,,,,
214,Customer Support Agent Quality Evaluation Form,Populates randomized customer interaction logs for review sessions by support team coaches.,,,,,,,,,,,,,,,,,,,,,,,
215,High-Priority Enterprise SLA Ticket Pager,Routes high-priority system outage alerts from premier accounts directly to on-call support leads.,,,,,,,,,,,,,,,,,,,,,,,
216,Customer Support Macro Optimization Scanner,Identifies canned agent responses with declining user helpfulness scores to flag items for rewrites.,,,,,,,,,,,,,,,,,,,,,,,
217,Customer Account Health Dip Alert Matrix,Monitors drop-offs in daily product use metrics to prompt proactive outreach from account teams.,,,,,,,,,,,,,,,,,,,,,,,
218,Product Update Release Notes Dispatch System,Delivers feature definitions directly to active customer administrators based on system footprints.,,,,,,,,,,,,,,,,,,,,,,,
219,Customer Support Voice Recording Archiver,Secures and classifies customer call recordings into target database structures for compliance.,,,,,,,,,,,,,,,,,,,,,,,
220,Multi-Channel Support Ticket Unification Engine,"Merges incoming messages from chat, email, and social from the same customer into a single ticket.",,,,,,,,,,,,,,,,,,,,,,,
221,User Software Permission Drift Identifier,Flags employee application access privileges that no longer match baseline department profiles.,,,,,,,,,,,,,,,,,,,,,,,
222,Rogue Hardware Enterprise Port Discovery Routine,Identifies unauthorized physical network additions to enterprise switch structures to maintain security.,,,,,,,,,,,,,,,,,,,,,,,
223,IT Support Asset Lifecycle Depreciation Monitor,Tracks purchase timelines and support lifetimes for internal laptops to schedule replacements.,,,,,,,,,,,,,,,,,,,,,,,
224,Compromised Credential Sandboxed Revocation Engine,Blocks corporate account access keys instantly when matching profiles appear in external breach lists.,,,,,,,,,,,,,,,,,,,,,,,
225,Cloud Server Compute Instance Inactivity Sweeper,Shuts down idle developer instances that remain un-accessed over trailing weekly windows.,,,,,,,,,,,,,,,,,,,,,,,
226,Corporate Domain Name Renewal Engine,Monitors registration durations across branding domains to initiate auto-renewal processes.,,,,,,,,,,,,,,,,,,,,,,,
227,Internal IT Asset Checkout Management System,Monitors item loan durations for peripheral hardware arrays distributed to teams.,,,,,,,,,,,,,,,,,,,,,,,
228,Critical Software Bug Tracking Roster Matrix,Syncs open engineering errors with internal IT systems to update service visibility dashboards.,,,,,,,,,,,,,,,,,,,,,,,
229,Single Sign-On Corporate Directory Mapping Sync,Syncs HR additions and promotions directly into core single-sign-on access management trees.,,,,,,,,,,,,,,,,,,,,,,,
230,Infrastructure Server Log Rotation Engine,Compresses and moves old operational data entries into secure storage systems to free up disk space.,,,,,,,,,,,,,,,,,,,,,,,
231,Facilities Security System Pass Allocation Reviewer,Audits guest badge distribution records to confirm profile clear paths conform to building rules.,,,,,,,,,,,,,,,,,,,,,,,
232,Conference Facility AV Configuration Checker,Runs scheduled alignment verifications on boardroom display setups before large cross-site updates.,,,,,,,,,,,,,,,,,,,,,,,
233,Commercial Building Power Consumption Auditor,Tracks usage spikes across facilities to identify poorly optimized lighting or HVAC scheduling parameters.,,,,,,,,,,,,,,,,,,,,,,,
234,Shared Office Space Hot-Desking Matcher,Allocates desk options to hybrid workers based on team zones and weekly rotation requests.,,,,,,,,,,,,,,,,,,,,,,,
235,Facility Mechanical Equipment Life Cycle Logger,Measures running histories of building motors to queue standard part maintenance updates.,,,,,,,,,,,,,,,,,,,,,,,
236,Visitor Sign-In Notice Slack Delivery Conduit,Sends quick host updates to team communication portals when external guests arrive at building kiosks.,,,,,,,,,,,,,,,,,,,,,,,
237,Corporate Fleet Vehicle Repair Status Watchdog,Monitors tracking updates for vehicles in repair shops to keep operations teams informed of return dates.,,,,,,,,,,,,,,,,,,,,,,,
238,Office Floorplan Desk Density Optimization Modeler,Evaluates badge footprint volumes to suggest structural spatial variations for facilities teams.,,,,,,,,,,,,,,,,,,,,,,,
239,Facility Emergency Lighting System Test Assessor,Logs automated battery test outputs from building exit signs to maintain local safety compliance profiles.,,,,,,,,,,,,,,,,,,,,,,,
240,Office Supply Waste Pattern Identification Tool,Analyzes print and paper usage metrics across divisions to recommend cost-control approaches.,,,,,,,,,,,,,,,,,,,,,,,
241,Strategic Deliverable Dependency Alignment Index,Maps dependency paths across development initiatives to highlight delivery risks for managers.,,,,,,,,,,,,,,,,,,,,,,,
242,Executive Staff Action Item Validation Engine,Tracks assignment statuses from leadership sessions to prompt update entries ahead of deadlines.,,,,,,,,,,,,,,,,,,,,,,,
243,Matrix Team Resource Utilization Balancer,Distributes task assignments for shared creative talent across project portfolios to prevent crunches.,,,,,,,,,,,,,,,,,,,,,,,
244,Project Management Board Ticket Stale Status Flag,Highlights project tasks that remain in progress with no comments or moves over extended windows.,,,,,,,,,,,,,,,,,,,,,,,
245,Contractor Milestone Verification Review Router,Delivers completed contract work results directly to team managers for sign-offs before billing moves.,,,,,,,,,,,,,,,,,,,,,,,
246,Enterprise Product Launch Gate Verification Checker,Collects readiness confirmations across corporate departments ahead of scheduled release dates.,,,,,,,,,,,,,,,,,,,,,,,
247,Corporate Presentation Format Standardization System,Scans presentation drafts to correct visual alignment and font scaling choices to match brand rules.,,,,,,,,,,,,,,,,,,,,,,,
248,Cross-Functional Initiative Retrospective Aggregator,Compiles post-launch feedback inputs into categorized execution summaries for strategy reviews.,,,,,,,,,,,,,,,,,,,,,,,
249,Agile Development Story Point Variance Scanner,Isolates task complexity estimate variations across engineering groups to highlight alignment needs.,,,,,,,,,,,,,,,,,,,,,,,
250,Strategic Portfolio Resource Concentration Index,Combines team allocations and project budgets to display overall investment patterns for executives.,,,,,,,,,,,,,,,,,,,,,,,
251,Employee Healthcare Spending Trend Modeling Engine,Collects anonymized claim totals to help risk teams project insurance cost variations.,,,,,,,,,,,,,,,,,,,,,,,
252,Strategic Hiring Pipeline Velocity Assessment Matrix,Tracks candidate stage timelines across divisions to discover operational bottlenecks in talent acquisition.,,,,,,,,,,,,,,,,,,,,,,,
253,Contingent Worker Liability Documentation Screener,Confirms compliance check status for international contractor profiles before releasing system keys.,,,,,,,,,,,,,,,,,,,,,,,
254,Corporate Compliance Training Scoring System,Records internal policy test inputs to log compliance certifications on employee files.,,,,,,,,,,,,,,,,,,,,,,,
255,Global Morale Assessment Analysis Dashboard,Aggregates periodic anonymous feedback data to flag department communication or support needs.,,,,,,,,,,,,,,,,,,,,,,,
256,Relocation Benefit Allocation Adjuster,Recomputes moving support packages based on structural family size and travel destination metrics.,,,,,,,,,,,,,,,,,,,,,,,
257,External Screening API Error Response Routine,Detects connectivity drops with validation services to alert HR systems to technical data holds.,,,,,,,,,,,,,,,,,,,,,,,
258,Corporate Helpdesk Canned Text Update Scheduler,Coordinates systematic accuracy reviews for automated handbook policy responses.,,,,,,,,,,,,,,,,,,,,,,,
259,Share Allocation Option Exercise Validation Engine,Cross-checks equity exercise requests against vesting milestones before dispatching updates to partners.,,,,,,,,,,,,,,,,,,,,,,,
260,Leadership Continuity Pipeline Readiness Matrix,Maps professional milestone completions for internal promotion paths to manage executive transitions.,,,,,,,,,,,,,,,,,,,,,,,
261,Sales Proposal Dynamic Margin Safety Verifier,Scans custom pricing quotes in sales systems to block deals dipping below gross margin floors.,,,,,,,,,,,,,,,,,,,,,,,
262,CRM Contact Quality Retention Scraping Tool,Identifies bouncing corporate contact fields to queue accounts for details validation updates.,,,,,,,,,,,,,,,,,,,,,,,
263,Competitor Advertising Campaign Spend Tracker,Tracks visible competitor ad variations to alert marketing strategy teams to market moves.,,,,,,,,,,,,,,,,,,,,,,,
264,Sales Target Attainment Leaderboard Data Pipeline,Updates division revenue visibility scoreboards when contracts pass system confirmation checks.,,,,,,,,,,,,,,,,,,,,,,,
265,Case Reference Asset Verification Documenter,Compiles performance metric updates from existing deployments to anchor enterprise marketing stories.,,,,,,,,,,,,,,,,,,,,,,,
266,Multi-Channel Enterprise Account Relationship Mapper,Reviews connection strings across corporate accounts to find warm introduction opportunities.,,,,,,,,,,,,,,,,,,,,,,,
267,Complex RFP Technical Criteria Routing Tool,Splits incoming large bid specification files to distribute parts to matching technical subject experts.,,,,,,,,,,,,,,,,,,,,,,,
268,Direct Outreach Conversion Trend Assessment Tool,Compiles metrics for automated contact cadences to discover top performing outreach paths.,,,,,,,,,,,,,,,,,,,,,,,
269,Business Enterprise Account Qualification Gateway,Evaluates organizational data for incoming client portals to clear appropriate purchasing boundaries.,,,,,,,,,,,,,,,,,,,,,,,
270,Account Transition Detail Compilation System,Packs historical customer data arrays when reassigning clients across account manager profiles.,,,,,,,,,,,,,,,,,,,,,,,
271,Regulatory Filing Variation Tracking Engine,Alerts legal teams when upcoming state or national disclosure rules vary from current baselines.,,,,,,,,,,,,,,,,,,,,,,,
272,Corporate Law Firm Billable Hour Matrix Auditor,Validates external fee lines against contract task parameters to flag unexpected charges.,,,,,,,,,,,,,,,,,,,,,,,
273,Subsidiary Entity Registration Maintenance Engine,Coordinates structural renewal updates for ancillary business registry files across regions.,,,,,,,,,,,,,,,,,,,,,,,
274,Standard Client NDA Builder System,Populates buyer business details into standard corporate mutual safety templates for quick signatures.,,,,,,,,,,,,,,,,,,,,,,,
275,Joint Initiative Obligation Fulfillment Monitor,Tracks target task milestones in partner agreements to prevent commercial delivery compliance drops.,,,,,,,,,,,,,,,,,,,,,,,
276,External Audit Data Collection Packager,Consolidates transaction histories and log files required by regulatory review frameworks.,,,,,,,,,,,,,,,,,,,,,,,
277,Corporate Policy Translation Structural Verifier,Checks multi-language compliance files to ensure visual structure matches master handbooks.,,,,,,,,,,,,,,,,,,,,,,,
278,Executive Stock Award Vesting Notice Dispatcher,Informs corporate officers when equity tranches hit performance or tenure vesting milestones.,,,,,,,,,,,,,,,,,,,,,,,
279,Dispute Timeline Event Tracking Calendar,Tracks litigation processing boundaries and key deposition deadlines for corporate legal teams.,,,,,,,,,,,,,,,,,,,,,,,
280,Onboarding Enterprise AML Verification Pipeline,Screens corporate entities against risk and sanctions lists during initial registration stages.,,,,,,,,,,,,,,,,,,,,,,,
281,Media Impression Data Discrepancy Matrix,Evaluates delivery variations between publisher reports and internal traffic tracking metrics.,,,,,,,,,,,,,,,,,,,,,,,
282,Brand PR Escalation Notification Router,Directs highly critical negative brand mentions to crisis management teams for swift review.,,,,,,,,,,,,,,,,,,,,,,,
283,Design Contrast Accessibility Compliance Screener,Checks visual layout drafts against color and sizing standards before clearing marketing deployments.,,,,,,,,,,,,,,,,,,,,,,,
284,Digital Asset Content Lifecycle Watchdog,Flags aging product documentation or old marketing landing pages for update or deletion workflows.,,,,,,,,,,,,,,,,,,,,,,,
285,Corporate Event Sponsor Deliverable Matrix,Tracks sponsor logo placement and exhibit setups against contract agreements at trade events.,,,,,,,,,,,,,,,,,,,,,,,
286,Campaign Attribution Source Validation Engine,Allocates pipeline source indicators across CRM records based on customer click conversion pathways.,,,,,,,,,,,,,,,,,,,,,,,
287,Technical Documentation Video Track Aligner,Coordinates subtitle and caption placement for video walk-through tracks on help sites.,,,,,,,,,,,,,,,,,,,,,,,
288,Customer Feedback Cohort Insight Aggregator,Compiles design priorities from customer panels to deliver summary feedback to development teams.,,,,,,,,,,,,,,,,,,,,,,,
289,Brand Asset Translation Localization Pipeline,Batches core user interface and marketing strings to distribute to translation management frameworks.,,,,,,,,,,,,,,,,,,,,,,,
290,Regional Event Permit Filing Countdown Tracker,"Tracks lead times for safety, zoning, and structural filings required for physical operations.",,,,,,,,,,,,,,,,,,,,,,,
291,Support Ticket SLA Breach Threat Matrix,Combines ticket complexity and remaining response windows to prioritize support queues.,,,,,,,,,,,,,,,,,,,,,,,
292,Technical Support Tier-2 Escalation System,Dispatches unresolved software errors along with log histories to matching systems engineering squads.,,,,,,,,,,,,,,,,,,,,,,,
293,Self-Service Help Site Navigation Flow Auditor,Reviews user search paths across help channels to flag missing or unhelpful answer paths.,,,,,,,,,,,,,,,,,,,,,,,
294,Customer Support Conversation Evaluation Framework,Extracts random chat logs to populate scorecards for support team performance reviews.,,,,,,,,,,,,,,,,,,,,,,,
295,High-Priority Enterprise Outage Escalation Pager,Alerts on-call engineering leads instantly when premier customer profiles report core outages.,,,,,,,,,,,,,,,,,,,,,,,
296,Support Canned Answer Verification Matrix,Compiles customer helpfulness ratings across saved responses to flag items for refinement updates.,,,,,,,,,,,,,,,,,,,,,,,
297,Product Utilization Velocity Monitoring System,Tracks rolling customer software adoption parameters to flag accounts showing significant engagement dips.,,,,,,,,,,,,,,,,,,,,,,,
298,Software Feature Release Documentation Dispatcher,Pushes capability guides to active workspace administrators based on active application configurations.,,,,,,,,,,,,,,,,,,,,,,,
299,Customer Support Interaction Voice Archiving Hub,Classifies and stores customer audio connection data to meet regulatory quality control metrics.,,,,,,,,,,,,,,,,,,,,,,,
300,Multi-Channel Support Conversation Identity Unifier,Matches overlapping client requests from different social and chat avenues into a single helpdesk profile.,,,,,,,,,,,,,,,,,,,,,,,
301,Managerial Task Delegation Balancer,"Automatically parses team sprint outputs to flag when an employee's task allocation passes the 68% workload overload mark, prompting automated task reassignment.",,,,,,,,,,,,,,,,,,,,,,,
302,Managerial Report Synthesis Bot,Automates manual managerial review loops by compiling status updates from multiple departments into a single summary page.,,,,,,,,,,,,,,,,,,,,,,,
303,Burnout Risk Pattern Predictor,Analyzes patterns of after-hours system activity and uncompleted tasks to flag teams at risk of extreme workload fatigue.,,,,,,,,,,,,,,,,,,,,,,,
304,Dynamic Meeting Agenda Trimmer,Scans corporate calendar requests to automatically shorten or cancel overlapping meetings that fall into the 69% pool of automatable managerial overhead.,,,,,,,,,,,,,,,,,,,,,,,
305,Automated Shift-Coverage Dispatcher,"Detects short-notice sick leave entries and automatically offers open shifts to eligible staff based on system profiles, cutting out manual scheduling work.",,,,,,,,,,,,,,,,,,,,,,,
306,Cross-Team Sprint Overlap Analyzer,"Evaluates active project roadmaps across departments to flag duplicate tasks, consolidating redundant work into a single workflow.",,,,,,,,,,,,,,,,,,,,,,,
307,Managerial Approval Gateway Escalation,Automatically moves pending operational approval requests to designated secondary managers if a ticket sits idle for more than 48 hours.,,,,,,,,,,,,,,,,,,,,,,,
308,Employee Onboarding Milestone Audit,Tracks new hire platform usage logs against initial training schedules to highlight profiles that may need extra support.,,,,,,,,,,,,,,,,,,,,,,,
309,Asynchronous Team Sync Compiler,"Assembles written daily progress bullets from team chat channels into clean team dashboards, replacing live standup meetings.",,,,,,,,,,,,,,,,,,,,,,,
310,Contractor Utilization Optimization Engine,Compiles freelance hours and deliverables to alert project managers when budget lines are near completion thresholds.,,,,,,,,,,,,,,,,,,,,,,,
311,Marketing Campaign Cost-Control Watchdog,"Tracks active campaign spend alongside conversion rates to flag assets that drop below specified efficiency floors, targeting the 12.2% cost reduction mark.",,,,,,,,,,,,,,,,,,,,,,,
312,Automated Brand Compliance Reviewer,Checks digital ad copy and image assets against corporate brand guidelines to speed up approvals before campaign launches.,,,,,,,,,,,,,,,,,,,,,,,
313,Customer Review Intent Sentiment Filter,"Scans incoming customer feedback text to prioritize critical messages, matching the workflow logic of baseline systems (AUTO039).",,,,,,,,,,,,,,,,,,,,,,,
314,Digital Asset Allocation Monitor,Matches external agency asset deliveries against open purchase orders to confirm all contractual design requirements are met.,,,,,,,,,,,,,,,,,,,,,,,
315,Multi-Channel Marketing Content Synchronizer,Schedules and publishes localized marketing messages across independent digital storefront layout structures.,,,,,,,,,,,,,,,,,,,,,,,
316,Strategic Competitor Price Shift Alerter,"Monitors public competitor product listings to flag price adjustments, helping marketing teams maintain competitive positioning.",,,,,,,,,,,,,,,,,,,,,,,
317,Lead Conversion Velocity Tracker,"Measures time-in-stage metrics for inbound sales queries, automatically routing cold accounts back into marketing drip campaigns.",,,,,,,,,,,,,,,,,,,,,,,
318,Marketing Material Lifecycle Expiry Flag,"Scans shared asset drives to flag and archive outdated product sheets or old logos, keeping marketing libraries current.",,,,,,,,,,,,,,,,,,,,,,,
319,Public PR Engagement Trend Summarizer,Aggregates daily brand mentions across news channels to generate brief sentiment reports for public relations teams.,,,,,,,,,,,,,,,,,,,,,,,
320,Event Registration Ticket Roster Reconciler,Links external event sign-up databases with internal CRM contact tables to update target account interaction logs automatically.,,,,,,,,,,,,,,,,,,,,,,,
